Contract_code,contract_type,City,town,building_type,Region,application,area,percent,price,price_per_mm,age,Skeleton_type,time,Postal_code
19049756,Contr_letter,Qom,Qom,apartment,,Residential,90,100,4515000,50166.67,4,concrete,1399/04/01,371146
19050690,Contr_letter,Qom,Qom,apartment,,Residential,157.54,100,15100000,95848.67,6,concrete,1399/04/01,371613
19050942,Contr_letter,Qom,Qom,apartment,1,Residential,60,100,3990000,66500,14,concrete,1399/04/01,371914
19051213,Contr_letter,Qom,Qom,apartment,8,Residential,79,100,3410000,43164.56,6,concrete,1399/04/01,371134
19050952,Contr_letter,Qom,Qom,apartment,4,Residential,79.6,100,4320000,54271.36,6,metallic_&_concrete,1399/04/01,371343
19051572,Contr_letter,Qom,Qom,apartment,,Residential,123.1,100,9200000,74735.99,5,concrete,1399/04/01,371486
19051720,Contr_letter,Qom,Qom,apartment,,Residential,80.03,100,4550000,56853.68,9,metallic_&_concrete,1399/04/01,374917
19052421,Contr_letter,Qom,Qom,apartment,1,Residential,130,41.67,15275000,48958.33,0,concrete,1399/04/01,371915
19052673,Contr_letter,Qom,Qom,apartment,1,Residential,150,41.67,17625000,48958.33,0,concrete,1399/04/01,371915
19053894,Contr_letter,Qom,Qanavat,apartment,,Residential,75,100,2680000,35733.33,1,concrete,1399/04/01,373171
19053953,Contr_letter,Qom,Qom,apartment,1,Residential,125,100,9650000,77200,0,concrete,1399/04/01,371488
19054532,Contr_letter,Qom,Qom,apartment,4,Residential,102.23,100,8500000,83145.85,2,concrete,1399/04/01,371313
19054603,Contr_letter,Qom,Qom,apartment,,Residential,96,100,1690000,17604.17,7,concrete,1399/04/01,371111
19054626,Contr_letter,Qom,Qom,apartment,4,Residential,111.05,100,13300000,119765.87,5,concrete,1399/04/01,371614
19054753,Contr_letter,Qom,Qom,apartment,,Residential,90,100,7000000,77777.78,1,concrete,1399/04/01,371688
19055268,Contr_letter,Qom,Qom,apartment,1,Residential,81.55,100,5120000,62783.57,14,metallic,1399/04/01,371911
19055312,Contr_letter,Qom,Qom,apartment,1,Residential,142,100,26900000,189436.62,0,metallic,1399/04/01,371919
19055382,Contr_letter,Qom,Qom,apartment,,Residential,90,100,4750000,52777.78,5,concrete,1399/04/01,371138
19055930,Contr_letter,Qom,Qom,apartment,,Residential,79.8,100,4350000,54511.28,6,concrete,1399/04/02,374919
19056169,Contr_letter,Qom,Qom,apartment,1,Residential,113.27,100,8970000,79191.31,0,concrete,1399/04/02,371488
19056502,Contr_letter,Qom,Qom,apartment,8,Residential,80.9,100,3400000,42027.19,6,concrete,1399/04/02,371133
19056928,Contr_letter,Qom,Qom,apartment,4,Residential,100,100,11600000,116000,0,concrete,1399/04/02,371676
19057288,Contr_letter,Qom,Qom,apartment,,Residential,86,100,4270000,49651.16,8,concrete,1399/04/02,374966
19057858,Contr_letter,Qom,Qom,apartment,8,Residential,64.2,100,3080000,47975.08,9,concrete,1399/04/02,374918
19058639,Contr_letter,Qom,Qom,apartment,,Residential,117,100,7600000,64957.26,7,metallic_&_concrete,1399/04/02,374915
19058718,Contr_letter,Qom,Qom,apartment,,Residential,87,100,6090000,70000,1,concrete,1399/04/02,371915
19058776,Contr_letter,Qom,Qom,apartment,8,Residential,90.04,100,4275000,47478.9,6,concrete,1399/04/02,374966
19058807,Contr_letter,Qom,Qom,apartment,,Residential,62.8,100,3675000,58519.11,14,metallic,1399/04/02,371486
19059325,Contr_letter,Qom,Qom,apartment,,Residential,72.5,100,6000000,82758.62,8,concrete,1399/04/02,371918
19060092,Contr_letter,Qom,Qom,apartment,,Residential,93.56,100,4980000,53227.88,7,concrete,1399/04/02,371138
19061046,Contr_letter,Qom,Qom,apartment,8,Residential,59.6,100,2740000,45973.15,16,concrete,1399/04/02,374911
19061620,Contr_letter,Qom,Qom,apartment,,Residential,106,50,2500000,11792.45,5,metallic,1399/04/02,371137
19061641,Contr_letter,Qom,Qom,apartment,,Residential,104.11,100,5600000,53789.26,5,metallic_&_concrete,1399/04/02,374916
19061747,Contr_letter,Qom,Qom,apartment,4,Residential,223.3,100,24400000,109270.04,0,concrete,1399/04/02,371313
19061981,Contr_letter,Qom,Qom,apartment,,Residential,140,100,12950000,92500,1,concrete,1399/04/02,371341
19062030,Contr_letter,Qom,Qom,apartment,8,Residential,83,100,4350000,52409.64,5,concrete,1399/04/02,374964
19062235,Contr_letter,Qom,Qom,apartment,,Residential,110,100,7200000,65454.55,10,concrete,1399/04/02,371343
19062604,Contr_letter,Qom,Qom,apartment,4,Residential,112,100,10750000,95982.14,8,concrete,1399/04/02,371343
19062992,Contr_letter,Qom,Qom,apartment,,Residential,140,100,9710000,69357.14,1,concrete,1399/04/03,374967
19063203,Contr_letter,Qom,Qom,apartment,1,Residential,130,100,10000000,76923.08,0,concrete,1399/04/03,371485
19063533,Contr_letter,Qom,Qom,apartment,,Residential,85,100,8000000,94117.65,10,concrete,1399/04/03,371341
19063763,Contr_letter,Qom,Jafarie,apartment,,Residential,106,100,1700000,16037.74,8,metallic_&_concrete,1399/04/03,374411
19064045,Contr_letter,Qom,Qom,apartment,,Residential,155,100,11000000,70967.74,1,concrete,1399/04/03,371166
19064333,Contr_letter,Qom,Qom,apartment,8,Residential,75.66,100,3750000,49563.84,4,metallic_&_concrete,1399/04/03,371133
19065316,Contr_letter,Qom,Qom,apartment,8,Residential,94,100,4655000,49521.28,9,concrete,1399/04/03,374969
19065980,Contr_letter,Qom,Qom,apartment,8,Residential,185,100,5910000,31945.95,8,concrete,1399/04/03,374915
19065993,Contr_letter,Qom,Qom,apartment,4,Residential,76.6,100,5790000,75587.47,15,concrete,1399/04/03,371688
19066311,Contr_letter,Qom,Qom,apartment,,Residential,86.2,100,4500000,52204.18,6,concrete,1399/04/03,374964
19067192,Contr_letter,Qom,Qom,apartment,,Residential,113.89,100,7300000,64096.94,2,concrete,1399/04/03,374913
19067325,Contr_letter,Qom,Qom,apartment,3,Residential,50,100,3075000,61500,10,metallic,1399/04/03,371818
19068746,Contr_letter,Qom,Qom,apartment,4,Residential,105,100,10080000,96000,2,concrete,1399/04/03,371614
19069000,Contr_letter,Qom,Qom,apartment,4,Residential,77.5,100,6000000,77419.35,13,concrete,1399/04/03,371688
19069181,Contr_letter,Qom,Qom,apartment,4,Residential,105,100,10080000,96000,2,concrete,1399/04/03,371614
19069706,Contr_letter,Qom,Jafarie,apartment,,Residential,127,100,12670000,99763.78,1,concrete,1399/04/03,373992
19070478,Contr_letter,Qom,Qom,apartment,8,Residential,90.89,100,4230000,46539.77,4,concrete,1399/04/04,371311
19071025,Contr_letter,Qom,Qom,apartment,,Residential,88.35,100,3357300,38000,12,concrete,1399/04/04,374917
19071207,Contr_letter,Qom,Qom,apartment,,Residential,121,100,9400000,77685.95,1,concrete,1399/04/04,371914
19072499,Contr_letter,Qom,Qom,apartment,8,Residential,113.19,100,5660000,50004.42,12,metallic_&_concrete,1399/04/04,371313
19073112,Contr_letter,Qom,Qom,apartment,4,Residential,140,100,18200000,130000,0,concrete,1399/04/04,371674
19073266,Contr_letter,Qom,Qom,apartment,8,Residential,90,100,4590000,51000,6,concrete,1399/04/04,371134
19074586,Contr_letter,Qom,Qom,apartment,,Residential,117,100,12630000,107948.72,1,metallic,1399/04/04,371611
19074591,Contr_letter,Qom,Qom,apartment,,Residential,82,100,3670000,44756.1,7,concrete,1399/04/04,371136
19074638,Contr_letter,Qom,Qom,apartment,,Residential,205,100,24900000,121463.41,0,concrete,1399/04/04,371614
19075151,Contr_letter,Qom,Qom,apartment,8,Residential,102.43,100,5200000,50766.38,7,concrete,1399/04/04,374918
19075164,Contr_letter,Qom,Qom,apartment,,Residential,86,100,7500000,87209.3,9,concrete,1399/04/04,371569
19075363,Contr_letter,Qom,Qom,apartment,1,Residential,95.69,100,8500000,88828.51,2,concrete,1399/04/04,371473
19075416,Contr_letter,Qom,Qom,apartment,,Residential,85,100,5950000,70000,17,concrete,1399/04/04,371613
19076318,Contr_letter,Qom,Qom,apartment,,Residential,130,100,9200000,70769.23,0,concrete,1399/04/04,371485
19076566,Contr_letter,Qom,Qom,apartment,5,Residential,125,100,6670000,53360,4,concrete,1399/04/04,371434
19076577,Contr_letter,Qom,Qom,apartment,,Residential,88.11,100,7480000,84893.88,5,concrete,1399/04/04,371486
19076627,Contr_letter,Qom,Qom,apartment,8,Residential,68,100,3325000,48897.06,5,concrete,1399/04/04,371137
19076675,Contr_letter,Qom,Qom,apartment,8,Residential,80.17,100,4500000,56130.72,5,metallic_&_concrete,1399/04/04,371146
19077597,Contr_letter,Qom,Qom,apartment,8,Residential,84.72,100,5300000,62559.02,8,concrete,1399/04/05,374915
19078070,Contr_letter,Qom,Qom,apartment,,Residential,77,100,3700000,48051.95,6,concrete,1399/04/05,371137
19078714,Contr_letter,Qom,Qom,apartment,,Residential,77.5,100,630000,8129.03,8,metallic_&_concrete,1399/04/05,371135
19079646,Contr_letter,Qom,Qom,apartment,1,Residential,97,100,6100000,62886.6,5,concrete,1399/04/05,371915
19080065,Contr_letter,Qom,Qom,apartment,3,Residential,96.36,100,9400000,97550.85,3,metallic_&_concrete,1399/04/05,371969
19080664,Contr_letter,Qom,Qom,apartment,,Residential,85.92,100,8380000,97532.59,3,concrete,1399/04/05,371596
19081404,Contr_letter,Qom,Qom,apartment,8,Residential,150,100,9700000,64666.67,8,metallic_&_concrete,1399/04/05,371168
19081707,Contr_letter,Qom,Qom,apartment,8,Residential,68,100,3170000,46617.65,7,metallic_&_concrete,1399/04/05,371136
19082023,Contr_letter,Qom,Qom,apartment,4,Residential,12676,100,11470000,904.86,1,concrete,1399/04/05,371391
19082033,Contr_letter,Qom,Qom,apartment,,Residential,144.76,100,14250000,98438.8,1,concrete,1399/04/05,371341
19082128,Contr_letter,Qom,Qom,apartment,5,Residential,135,100,9180000,68000,0,concrete,1399/04/05,371497
19082297,Contr_letter,Qom,Qom,apartment,,Residential,84.87,100,3810000,44892.19,7,concrete,1399/04/05,374967
19082315,Contr_letter,Qom,Qom,apartment,,Residential,81.45,100,6100000,74892.57,10,metallic,1399/04/05,371115
19082357,Contr_letter,Qom,Qom,apartment,4,Residential,106.2,100,11000000,103578.15,2,concrete,1399/04/05,371679
19082499,Contr_letter,Qom,Qom,apartment,,Residential,85,100,1900000,22352.94,6,concrete,1399/04/06,374613
19083692,Contr_letter,Qom,Qom,apartment,8,Residential,74.83,100,3792000,50674.86,3,concrete,1399/04/06,371613
19085082,Contr_letter,Qom,Qom,apartment,,Residential,55.72,100,2600000,46661.88,13,metallic,1399/04/07,374913
19085301,Contr_letter,Qom,Qom,apartment,,Residential,100,100,9000000,90000,1,concrete,1399/04/07,371313
19085684,Contr_letter,Qom,Qom,apartment,1,Residential,118.35,100,7350000,62103.93,0,concrete,1399/04/07,371485
19086191,Contr_letter,Qom,Qom,apartment,4,Residential,104.23,100,10350000,99299.63,7,metallic,1399/04/07,371683
19086265,Contr_letter,Qom,Qom,apartment,8,Residential,86.05,100,4000000,46484.6,16,concrete,1399/04/07,374911
19087563,Contr_letter,Qom,Qom,apartment,,Residential,68.15,100,3200000,46955.25,16,metallic,1399/04/07,374911
19088005,Contr_letter,Qom,Qom,apartment,8,Residential,51.5,100,2840000,55145.63,14,metallic,1399/04/07,374911
19088142,Contr_letter,Qom,Qom,apartment,,Residential,150,100,12750000,85000,1,concrete,1399/04/07,371686
19089277,Contr_letter,Qom,Qom,apartment,8,Residential,92.77,100,4900000,52818.8,0,concrete,1399/04/07,371168
19090239,Contr_letter,Qom,Qom,apartment,1,Residential,90.31,100,9000000,99656.74,9,metallic,1399/04/07,371571
19091061,Contr_letter,Qom,Qom,apartment,8,Residential,77.7,100,3180000,40926.64,5,concrete,1399/04/07,371137
19091078,Contr_letter,Qom,Qom,apartment,8,Residential,86.75,100,4400000,50720.46,9,concrete,1399/04/07,374964
19091408,Contr_letter,Qom,Qom,apartment,8,Residential,97.7,100,5050000,51688.84,8,concrete,1399/04/07,374916
19092457,Contr_letter,Qom,Qom,apartment,4,Residential,130.1,100,11900000,91468.1,5,concrete,1399/04/08,371688
19092681,Contr_letter,Qom,Qom,apartment,,Residential,71.5,100,3600000,50349.65,9,metallic_&_concrete,1399/04/08,371131
19092930,Contr_letter,Qom,Qom,apartment,,Residential,95,100,8700000,91578.95,0,concrete,1399/04/08,371313
19092948,Contr_letter,Qom,Qom,apartment,4,Residential,98.35,100,10700000,108795.12,5,metallic_&_concrete,1399/04/08,371313
19093032,Contr_letter,Qom,Qom,apartment,,Residential,81.8,100,3050000,37286.06,3,metallic,1399/04/08,371133
19093219,Contr_letter,Qom,Qom,apartment,4,Residential,128,100,19200000,150000,2,concrete,1399/04/08,371698
19093525,Contr_letter,Qom,Qom,apartment,,Residential,80.98,100,4000000,49394.91,6,concrete,1399/04/08,371133
19093638,Contr_letter,Qom,Qom,apartment,,Residential,89.15,100,4450000,49915.87,10,metallic,1399/04/08,371341
19093710,Contr_letter,Qom,Qom,apartment,1,Residential,112.15,100,9650000,86045.47,1,concrete,1399/04/08,371488
19093753,Contr_letter,Qom,Qom,apartment,,Residential,77.97,100,4110000,52712.58,4,concrete,1399/04/08,371146
19093781,Contr_letter,Qom,Qom,apartment,5,Residential,52.7,100,3000000,56926,14,metallic_&_concrete,1399/04/08,371141
19093815,Contr_letter,Qom,Qom,apartment,,Residential,83,100,3900000,46987.95,5,concrete,1399/04/08,371111
19093834,Contr_letter,Qom,Qom,apartment,8,Residential,72.71,100,3205000,44079.22,13,concrete,1399/04/08,374916
19093997,Contr_letter,Qom,Qom,apartment,,Residential,112,100,17360000,155000,0,concrete,1399/04/08,371667
19094025,Contr_letter,Qom,Qom,apartment,,Residential,101.75,100,7200000,70761.67,6,concrete,1399/04/08,371485
19094075,Contr_letter,Qom,Qom,apartment,,Residential,98.45,100,7650000,77704.42,6,concrete,1399/04/08,371343
19094984,Contr_letter,Qom,Qom,apartment,,Residential,80,100,7300000,91250,2,concrete,1399/04/08,371488
19096840,Contr_letter,Qom,Qom,apartment,8,Residential,92.1,100,4950000,53745.93,9,metallic_&_concrete,1399/04/08,374914
19097122,Contr_letter,Qom,Qom,apartment,,Residential,128,100,15680000,122500,0,concrete,1399/04/08,373911
19097707,Contr_letter,Qom,Qom,apartment,4,Residential,83.58,100,7000000,83752.09,5,concrete,1399/04/08,373914
19098153,Contr_letter,Qom,Qom,apartment,8,Residential,70.38,100,4080000,57971.01,9,concrete,1399/04/08,374915
19098983,Contr_letter,Qom,Qom,apartment,,Residential,106.83,100,8545000,79986.9,7,concrete,1399/04/08,371486
19099035,Contr_letter,Qom,Qom,apartment,,Residential,137.11,100,12800000,93355.7,6,concrete,1399/04/08,381684
19099146,Contr_letter,Qom,Qom,apartment,,Residential,79.4,100,4350000,54785.89,9,concrete,1399/04/08,374917
19099173,Contr_letter,Qom,Qom,apartment,,Residential,78.6,100,4250000,54071.25,7,concrete,1399/04/08,371133
19099872,Contr_letter,Qom,Qom,apartment,4,Residential,421.18,100,55000000,130585.5,3,concrete,1399/04/09,371614
19099882,Contr_letter,Qom,Qom,apartment,8,Residential,103,100,5470000,53106.8,12,concrete,1399/04/09,374916
19100752,Contr_letter,Qom,Qom,apartment,,Residential,90,100,7600000,84444.44,1,concrete,1399/04/09,371344
19101041,Contr_letter,Qom,Qom,apartment,8,Residential,90.9,100,4600000,50605.06,14,metallic_&_concrete,1399/04/09,374915
19101236,Contr_letter,Qom,Qom,apartment,,Residential,84.5,100,4080000,48284.02,9,concrete,1399/04/09,371131
19101522,Contr_letter,Qom,Qom,apartment,,Residential,107,100,8237000,76981.31,1,concrete,1399/04/09,371343
19102281,Contr_letter,Qom,Qom,apartment,8,Residential,85.51,100,3540000,41398.67,11,concrete,1399/04/09,374915
19102550,Contr_letter,Qom,Qom,apartment,,Residential,107.15,100,10000000,93327.11,5,concrete,1399/04/09,371341
19102603,Contr_letter,Qom,Qom,apartment,4,Residential,120,100,7560000,63000,1,concrete,1399/04/09,371818
19102684,Contr_letter,Qom,Qom,apartment,8,Residential,87.65,100,4382500,50000,8,concrete,1399/04/09,374917
19102808,Contr_letter,Qom,Qom,apartment,,Residential,147,100,17550000,119387.76,1,concrete,1399/04/09,371679
19103237,Contr_letter,Qom,Qom,apartment,,Residential,76.61,100,5650000,73750.16,11,concrete,1399/04/09,371484
19103374,Contr_letter,Qom,Qom,apartment,,Residential,65,100,3380000,52000,9,metallic_&_concrete,1399/04/09,371167
19103515,Contr_letter,Qom,Qom,apartment,2,Residential,75.53,100,5000000,66198.86,1,metallic,1399/04/09,371884
19103678,Contr_letter,Qom,Qom,apartment,,Residential,86,100,7568000,88000,6,concrete,1399/04/09,371313
19104375,Contr_letter,Qom,Qom,apartment,,Residential,76.82,100,3500000,45561.05,2,metallic_&_concrete,1399/04/09,371488
19104553,Contr_letter,Qom,Qom,apartment,,Residential,85,100,3640000,42823.53,6,concrete,1399/04/09,374916
19104964,Contr_letter,Qom,Qom,apartment,,Residential,73,100,4850000,66438.36,1,concrete,1399/04/09,371486
19105123,Contr_letter,Qom,Qom,apartment,,Residential,130,100,13800000,106153.85,2,concrete,1399/04/09,371313
19105722,Contr_letter,Qom,Qom,apartment,,Residential,103.25,100,5950000,57627.12,11,concrete,1399/04/09,374915
19105997,Contr_letter,Qom,Qanavat,apartment,,Residential,75,100,2380000,31733.33,1,concrete,1399/04/09,373790
19106208,Contr_letter,Qom,Qom,apartment,,Residential,104,100,6150000,59134.62,11,concrete,1399/04/09,371168
19106319,Contr_letter,Qom,Qom,apartment,,Residential,62,100,4000000,64516.13,9,concrete,1399/04/09,377777
19106649,Contr_letter,Qom,Qom,apartment,8,Residential,88.93,100,4830000,54312.38,5,metallic_&_concrete,1399/04/09,371146
19106833,Contr_letter,Qom,Qom,apartment,4,Residential,123,100,13250000,107723.58,0,concrete,1399/04/09,371345
19108438,Contr_letter,Qom,Qom,apartment,,Residential,69.22,100,5150000,74400.46,15,metallic,1399/04/10,371684
19109081,Contr_letter,Qom,Qom,apartment,1,Residential,92.79,100,7327000,78963.25,5,concrete,1399/04/10,371369
19109168,Contr_letter,Qom,Qom,apartment,,Residential,123,100,13040000,106016.26,0,concrete,1399/04/10,371345
19110069,Contr_letter,Qom,Qom,apartment,,Residential,87.65,100,3500000,39931.55,9,concrete,1399/04/10,374917
19110120,Contr_letter,Qom,Qom,apartment,2,Residential,95,100,4000000,42105.26,9,concrete,1399/04/10,371398
19110768,Contr_letter,Qom,Qom,apartment,8,Residential,89.77,100,4380000,48791.36,6,concrete,1399/04/10,371131
19110840,Contr_letter,Qom,Qom,apartment,,Residential,130,100,9350000,71923.08,4,concrete,1399/04/10,371343
19111293,Contr_letter,Qom,Qom,apartment,,Residential,75,100,5450000,72666.67,7,concrete,1399/04/10,371967
19112721,Contr_letter,Qom,Qom,apartment,,Residential,147,100,15200000,103401.36,0,concrete,1399/04/10,371343
19113569,Contr_letter,Qom,Qom,apartment,8,Residential,86.5,100,3700000,42774.57,7,metallic_&_concrete,1399/04/10,374919
19114269,Contr_letter,Qom,Qom,apartment,8,Residential,59,100,2900000,49152.54,16,metallic_&_concrete,1399/04/10,374911
19114315,Contr_letter,Qom,Qom,apartment,,Residential,115.88,100,10200000,88022.09,3,concrete,1399/04/10,371698
19114376,Contr_letter,Qom,Qom,apartment,,Residential,59.59,100,5500000,92297.37,11,concrete,1399/04/10,371315
19114534,Contr_letter,Qom,Qom,apartment,8,Residential,78,100,3730000,47820.51,8,metallic_&_concrete,1399/04/10,371136
19114709,Contr_letter,Qom,Qom,apartment,4,Residential,95,100,7120000,74947.37,0,concrete,1399/04/10,371685
19114783,Contr_letter,Qom,Qom,apartment,8,Residential,78.82,100,3780000,47957.37,10,concrete,1399/04/10,374917
19115021,Contr_letter,Qom,Qom,apartment,8,Residential,85,100,3700000,43529.41,8,concrete,1399/04/11,371134
19115147,Contr_letter,Qom,Qom,apartment,8,Residential,85,100,4560000,53647.06,4,concrete,1399/04/11,371146
19116229,Contr_letter,Qom,Qom,apartment,,Residential,80,100,3410000,42625,7,concrete,1399/04/11,371134
19117462,Contr_letter,Qom,Qom,apartment,8,Residential,107.39,100,6270000,58385.32,3,metallic_&_concrete,1399/04/11,374915
19118313,Contr_letter,Qom,Qom,apartment,,Residential,230,100,20000000,86956.52,0,concrete,1399/04/11,371594
19118538,Contr_letter,Qom,Qom,apartment,,Residential,120,100,11450000,95416.67,19,concrete,1399/04/11,371314
19118654,Contr_letter,Qom,Qom,apartment,8,Residential,89.5,100,4375000,48882.68,8,metallic_&_concrete,1399/04/11,371138
19121203,Contr_letter,Qom,Qom,apartment,8,Residential,83.65,100,4750000,56784.22,7,concrete,1399/04/11,374919
19122538,Contr_letter,Qom,Qom,apartment,5,Residential,115,100,7200000,62608.7,6,concrete,1399/04/12,371499
19122563,Contr_letter,Qom,Qom,apartment,,Residential,81,100,5300000,65432.1,4,metallic_&_concrete,1399/04/12,371488
19123889,Contr_letter,Qom,Qom,apartment,8,Residential,87.7,100,3000000,34207.53,16,metallic_&_concrete,1399/04/12,374911
19124134,Contr_letter,Qom,Qom,apartment,,Residential,57.74,100,2870000,49705.58,11,metallic_&_concrete,1399/04/12,374491
19124413,Contr_letter,Qom,Qom,apartment,,Residential,205.32,100,18100000,88155.08,0,concrete,1399/04/12,371594
19125347,Contr_letter,Qom,Qom,apartment,,Residential,60.44,100,9700000,160489.74,7,concrete,1399/04/12,371671
19125877,Contr_letter,Qom,Qom,apartment,8,Residential,80,100,4300000,53750,9,metallic_&_concrete,1399/04/12,374915
19126855,Contr_letter,Qom,Qom,apartment,,Residential,175.19,100,17500000,99891.55,4,concrete,1399/04/12,371341
19127016,Contr_letter,Qom,Qom,apartment,8,Residential,85.64,100,4400000,51377.86,14,concrete,1399/04/12,374911
19127125,Contr_letter,Qom,Qom,apartment,,Residential,91.45,100,9400000,102788.41,16,concrete,1399/04/12,371613
19127902,Contr_letter,Qom,Qom,apartment,,Residential,111.8,100,5000000,44722.72,12,metallic,1399/04/13,374914
19128844,Contr_letter,Qom,Qom,apartment,8,Residential,53.6,100,2850000,53171.64,14,concrete,1399/04/13,374911
19128876,Contr_letter,Qom,Qom,apartment,,Residential,155,100,11900000,76774.19,1,concrete,1399/04/13,371166
19128991,Contr_letter,Qom,Qom,apartment,,Residential,86.96,100,4520000,51977.92,9,concrete,1399/04/13,374918
19129097,Contr_letter,Qom,Qom,apartment,,Residential,123.3,100,10800000,87591.24,9,concrete,1399/04/13,371688
19129262,Contr_letter,Qom,Qom,apartment,,Residential,78.2,100,6900000,88235.29,10,concrete,1399/04/13,371688
19130656,Contr_letter,Qom,Qom,apartment,1,Residential,59.72,100,3100000,51908.91,19,metallic_&_concrete,1399/04/14,371411
19130819,Contr_letter,Qom,Qom,apartment,,Residential,86,100,4320000,50232.56,4,concrete,1399/04/14,371146
19131547,Contr_letter,Qom,Qom,apartment,8,Residential,73.01,100,4200000,57526.37,14,concrete,1399/04/14,374916
19131591,Contr_letter,Qom,Qom,apartment,4,Residential,110,100,11550000,105000,0,concrete,1399/04/14,371673
19132038,Contr_letter,Qom,Qom,apartment,8,Residential,105,100,7000000,66666.67,7,concrete,1399/04/14,371168
19132124,Contr_letter,Qom,Qom,apartment,8,Residential,64.11,100,3350000,52253.94,7,concrete,1399/04/14,371133
19132610,Contr_letter,Qom,Qom,apartment,,Residential,131.58,100,25000000,189998.48,5,concrete,1399/04/14,371391
19133376,Contr_letter,Qom,Qom,apartment,8,Residential,85,100,3900000,45882.35,7,concrete,1399/04/14,371135
19133499,Contr_letter,Qom,Qom,apartment,1,Residential,89.35,100,12350000,138220.48,1,concrete,1399/04/14,371917
19133658,Contr_letter,Qom,Qom,apartment,,Residential,79.35,100,5530000,69691.24,6,concrete,1399/04/14,371343
19134236,Contr_letter,Qom,Qom,apartment,,Residential,10019,100,10580000,1055.99,15,metallic,1399/04/14,371697
19135307,Contr_letter,Qom,Qom,apartment,4,Residential,78,100,6200000,79487.18,3,concrete,1399/04/14,371343
19136254,Contr_letter,Qom,Qom,apartment,8,Residential,68.47,100,2550000,37242.59,14,metallic_&_concrete,1399/04/14,374911
19136949,Contr_letter,Qom,Qom,apartment,4,Residential,124.79,100,13750000,110185.11,2,concrete,1399/04/14,371492
19136988,Contr_letter,Qom,Qom,apartment,,Residential,73.08,100,5600000,76628.35,4,concrete,1399/04/14,371313
19137262,Contr_letter,Qom,Qom,apartment,,Residential,101,100,5500000,54455.45,9,metallic,1399/04/14,374916
19139162,Contr_letter,Qom,Qom,apartment,8,Residential,80,100,4000000,50000,9,metallic_&_concrete,1399/04/15,371131
19139762,Contr_letter,Qom,Qom,apartment,8,Residential,54,100,3232000,59851.85,8,metallic_&_concrete,1399/04/15,371133
19140004,Contr_letter,Qom,Qom,apartment,4,Residential,115,100,16100000,140000,0,concrete,1399/04/15,371671
19140846,Contr_letter,Qom,Qom,apartment,,Residential,78.7,100,4325000,54955.53,7,concrete,1399/04/15,374916
19140893,Contr_letter,Qom,Qom,apartment,8,Residential,94.83,100,4965000,52356.85,7,metallic_&_concrete,1399/04/15,371168
19141383,Contr_letter,Qom,Qom,apartment,,Residential,74.5,100,5200000,69798.66,14,metallic,1399/04/15,371961
19142577,Contr_letter,Qom,Qom,apartment,8,Residential,78.65,100,3650000,46408.14,6,concrete,1399/04/15,371134
19142647,Contr_letter,Qom,Qom,apartment,8,Residential,89,100,4000000,44943.82,7,concrete,1399/04/15,374967
19143856,Contr_letter,Qom,Qom,apartment,8,Residential,53.93,100,3320000,61561.28,14,metallic,1399/04/15,374911
19144307,Contr_letter,Qom,Qom,apartment,4,Residential,103,100,13900000,134951.46,0,metallic_&_concrete,1399/04/15,371316
19144611,Contr_letter,Qom,Qom,apartment,,Residential,131,100,13500000,103053.44,0,concrete,1399/04/15,371313
19144783,Contr_letter,Qom,Qom,apartment,3,Residential,110,100,9900000,90000,0,metallic_&_concrete,1399/04/15,371817
19144974,Contr_letter,Qom,Qom,apartment,1,Residential,62.8,100,3600000,57324.84,14,metallic,1399/04/15,371486
19144994,Contr_letter,Qom,Qom,apartment,,Residential,97.55,100,5140000,52690.93,8,metallic,1399/04/15,374933
19146165,Contr_letter,Qom,Qom,apartment,5,Residential,103.39,100,7900000,76409.71,6,concrete,1399/04/16,373914
19146308,Contr_letter,Qom,Qom,apartment,4,Residential,80.14,100,9230000,115173.45,7,concrete,1399/04/16,371697
19146563,Contr_letter,Qom,Qom,apartment,3,Residential,80,100,6000000,75000,1,concrete,1399/04/16,371974
19146599,Contr_letter,Qom,Qom,apartment,,Residential,169.43,100,30150000,177949.6,5,concrete,1399/04/16,371695
19146830,Contr_letter,Qom,Qom,apartment,4,Residential,86.76,10.01,8300000,9576.2,9,concrete,1399/04/16,371687
19146891,Contr_letter,Qom,Qom,apartment,,Residential,88,100,4170000,47386.36,8,concrete,1399/04/16,371134
19147720,Contr_letter,Qom,Qom,apartment,8,Residential,88.65,100,6700000,75578.12,10,metallic,1399/04/16,371165
19147899,Contr_letter,Qom,Qom,apartment,4,Residential,93,100,5200000,55913.98,3,concrete,1399/04/16,371168
19148274,Contr_letter,Qom,Qom,apartment,,Residential,125,100,14750000,118000,1,concrete,1399/04/16,371617
19148846,Contr_letter,Qom,Qom,apartment,,Residential,105.96,100,5800000,54737.64,3,concrete,1399/04/16,371168
19149025,Contr_letter,Qom,Qom,apartment,,Residential,79.8,100,4195000,52568.92,8,concrete,1399/04/16,374919
19149076,Contr_letter,Qom,Qom,apartment,1,Residential,141.05,100,7550000,53527.12,1,concrete,1399/04/16,371488
19150420,Contr_letter,Qom,Qom,apartment,,Residential,180,100,14400000,80000,0,concrete,1399/04/16,371166
19150651,Contr_letter,Qom,Qom,apartment,,Residential,125,100,11400000,91200,0,metallic_&_concrete,1399/04/16,371993
19150912,Contr_letter,Qom,Qom,apartment,8,Residential,62,100,3000000,48387.1,6,concrete,1399/04/16,371136
19151589,Contr_letter,Qom,Qom,apartment,,Residential,82,100,3710000,45243.9,8,concrete,1399/04/16,371136
19151828,Contr_letter,Qom,Qom,apartment,4,Residential,85.27,100,7470000,87604.08,5,concrete,1399/04/16,371313
19151976,Contr_letter,Qom,Qom,apartment,8,Residential,77.72,100,2935000,37763.77,7,concrete,1399/04/16,371135
19152168,Contr_letter,Qom,Qom,apartment,,Residential,110,100,7370000,67000,0,concrete,1399/04/16,371967
19152397,Contr_letter,Qom,Qom,apartment,,Residential,80.51,100,3000000,37262.45,6,metallic_&_concrete,1399/04/16,371131
19152681,Contr_letter,Qom,Qanavat,apartment,,Residential,75,100,2250000,30000,3,concrete,1399/04/16,371111
19152734,Contr_letter,Qom,Qom,apartment,8,Residential,91.15,100,5690000,62424.57,6,metallic_&_concrete,1399/04/16,371168
19152822,Contr_letter,Qom,Qanavat,apartment,,Residential,75,100,2550000,34000,3,concrete,1399/04/16,371533
19153165,Contr_letter,Qom,Qom,apartment,8,Residential,79.07,100,4400000,55646.9,14,concrete,1399/04/17,374911
19153269,Contr_letter,Qom,Qom,apartment,8,Residential,97,100,5610000,57835.05,9,concrete,1399/04/17,374915
19153968,Contr_letter,Qom,Qom,apartment,,Residential,114.98,100,7650000,66533.31,4,concrete,1399/04/17,374913
19154121,Contr_letter,Qom,Qom,apartment,,Residential,76.64,100,3670000,47886.22,7,concrete,1399/04/17,371134
19155407,Contr_letter,Qom,Qom,apartment,,Residential,105.36,100,10600000,100607.44,12,metallic,1399/04/17,371696
19156149,Contr_letter,Qom,Qom,apartment,,Residential,81.65,100,3750000,45927.74,9,concrete,1399/04/17,371136
19156177,Contr_letter,Qom,Qom,apartment,,Residential,97.15,100,3800000,39114.77,4,concrete,1399/04/17,374913
19156379,Contr_letter,Qom,Qanavat,apartment,,Residential,75,100,2550000,34000,3,concrete,1399/04/17,371111
19156398,Contr_letter,Qom,Qom,apartment,8,Residential,110.25,100,7440000,67482.99,2,concrete,1399/04/17,371168
19157743,Contr_letter,Qom,Qom,apartment,8,Residential,77.7,100,3350000,43114.54,6,concrete,1399/04/17,371135
19157772,Contr_letter,Qom,Qom,apartment,8,Residential,85.77,100,4400000,51299.99,7,concrete,1399/04/17,371135
19157978,Contr_letter,Qom,Qom,apartment,,Residential,69,100,2000000,28985.51,5,concrete,1399/04/17,371133
19158747,Contr_letter,Qom,Qom,apartment,,Residential,33,100,2100000,63636.36,8,metallic,1399/04/17,374967
19158870,Contr_letter,Qom,Qom,apartment,4,Residential,2102,100,25000000,11893.43,0,metallic_&_concrete,1399/04/17,371614
19159301,Contr_letter,Qom,Qom,apartment,,Residential,200,100,21000000,105000,2,concrete,1399/04/17,371583
19159813,Contr_letter,Qom,Qom,apartment,8,Residential,85.5,100,4200000,49122.81,9,concrete,1399/04/17,374918
19160292,Contr_letter,Qom,Qom,apartment,,Residential,80.63,100,5000000,62011.66,1,concrete,1399/04/17,371146
19160335,Contr_letter,Qom,Qom,apartment,8,Residential,81.85,100,3239000,39572.39,10,metallic_&_concrete,1399/04/17,371110
19160389,Contr_letter,Qom,Qom,apartment,,Residential,55.35,100,2800000,50587.17,10,concrete,1399/04/17,371498
19160394,Contr_letter,Qom,Qom,apartment,8,Residential,68.47,100,3450000,50387.03,16,concrete,1399/04/17,374911
19160818,Contr_letter,Qom,Qom,apartment,,Residential,90.01,100,4320000,47994.67,9,concrete,1399/04/18,373893
19162081,Contr_letter,Qom,Qom,apartment,,Residential,81,100,5184000,64000,1,concrete,1399/04/18,373916
19162106,Contr_letter,Qom,Qom,apartment,,Residential,155,100,16650000,107419.35,0,concrete,1399/04/18,371343
19162357,Contr_letter,Qom,Qom,apartment,1,Residential,166.09,100,11900000,71647.9,7,concrete,1399/04/18,371915
19162492,Contr_letter,Qom,Qom,apartment,,Residential,90.04,100,4300000,47756.55,6,concrete,1399/04/18,371131
19162801,Contr_letter,Qom,Qom,apartment,,Residential,99.37,100,10750000,108181.54,6,concrete,1399/04/18,371341
19163460,Contr_letter,Qom,Qom,apartment,,Residential,75,100,4000000,53333.33,6,concrete,1399/04/18,374966
19163714,Contr_letter,Qom,Qom,apartment,,Residential,106,100,6620000,62452.83,1,metallic_&_concrete,1399/04/18,371168
19164680,Contr_letter,Qom,Qom,apartment,4,Residential,145.15,100,16000000,110230.8,5,concrete,1399/04/18,371317
19164827,Contr_letter,Qom,Qom,apartment,4,Residential,153,100,16830000,110000,0,concrete,1399/04/18,371345
19165497,Contr_letter,Qom,Qom,apartment,,Residential,98.76,100,5550000,56196.84,9,metallic,1399/04/18,371983
19166119,Contr_letter,Qom,Qom,apartment,8,Residential,78.52,100,4150000,52852.78,7,concrete,1399/04/18,374917
19166173,Contr_letter,Qom,Qom,apartment,,Residential,104,100,6700000,64423.08,9,concrete,1399/04/18,374914
19166569,Contr_letter,Qom,Qom,apartment,,Residential,103,100,5800000,56310.68,14,concrete,1399/04/18,374914
19166579,Contr_letter,Qom,Qom,apartment,8,Residential,76.84,100,3570000,46460.18,6,metallic,1399/04/18,374915
19166643,Contr_letter,Qom,Qom,apartment,,Residential,145,100,19500000,134482.76,2,concrete,1399/04/18,371614
19166870,Contr_letter,Qom,Qom,apartment,8,Residential,78.05,100,4290000,54964.77,8,concrete,1399/04/18,374917
19167473,Contr_letter,Qom,Qom,apartment,4,Residential,161,100,12000000,74534.16,6,concrete,1399/04/18,373916
19168061,Contr_letter,Qom,Qom,apartment,8,Residential,73.38,100,4290000,58462.8,7,concrete,1399/04/19,371165
19168249,Contr_letter,Qom,Qom,apartment,,Residential,116,100,11890000,102500,0,concrete,1399/04/19,373916
19169112,Contr_letter,Qom,Qom,apartment,,Residential,86,100,8500000,98837.21,0,concrete,1399/04/19,371343
19169198,Contr_letter,Qom,Qom,apartment,8,Residential,83.86,100,4120000,49129.5,14,concrete,1399/04/19,374917
19169268,Contr_letter,Qom,Qom,apartment,4,Residential,107,100,9844000,92000,1,concrete,1399/04/19,371343
19170169,Contr_letter,Qom,Qom,apartment,,Residential,72.74,100,5819200,80000,14,metallic,1399/04/19,371316
19170189,Contr_letter,Qom,Qom,apartment,8,Residential,68.7,100,3300000,48034.93,9,concrete,1399/04/19,374967
19170617,Contr_letter,Qom,Qom,apartment,8,Residential,81.8,100,3650000,44621.03,3,metallic,1399/04/19,371133
19170700,Contr_letter,Qom,Qom,apartment,,Residential,137.1,100,10685000,77935.81,3,concrete,1399/04/19,373916
19170869,Contr_letter,Qom,Qom,apartment,,Residential,66.6,100,3600000,54054.05,14,concrete,1399/04/19,371895
19171779,Contr_letter,Qom,Qom,apartment,,Residential,78.5,100,3770000,48025.48,6,concrete,1399/04/19,371135
19172068,Contr_letter,Qom,Qom,apartment,,Residential,72.25,100,5650000,78200.69,9,concrete,1399/04/19,371596
19172502,Contr_letter,Qom,Qom,apartment,,Residential,87.65,100,4450000,50770.11,9,concrete,1399/04/19,374917
19172543,Contr_letter,Qom,Qom,apartment,,Residential,170,100,16500000,97058.82,1,concrete,1399/04/19,371343
19172787,Contr_letter,Qom,Qom,apartment,4,Residential,141.6,100,13800000,97457.63,1,concrete,1399/04/19,371343
19173001,Contr_letter,Qom,Qom,apartment,4,Residential,217,100,28800000,132718.89,1,concrete,1399/04/19,371617
19175186,Contr_letter,Qom,Qom,apartment,3,Residential,92,100,6440000,70000,0,concrete,1399/04/20,371513
19175269,Contr_letter,Qom,Qom,apartment,,Residential,97.5,100,3120000,32000,7,concrete,1399/04/21,371133
19175456,Contr_letter,Qom,Qom,apartment,4,Residential,120,100,13400000,111666.67,1,concrete,1399/04/21,371343
19175475,Contr_letter,Qom,Qom,apartment,8,Residential,53.93,100,2950000,54700.54,14,concrete,1399/04/21,374911
19175710,Contr_letter,Qom,Qom,apartment,8,Residential,80,100,3350000,41875,5,metallic,1399/04/21,371133
19175810,Contr_letter,Qom,Qom,apartment,,Residential,64.2,100,3540000,55140.19,3,concrete,1399/04/21,374918
19176461,Contr_letter,Qom,Qom,apartment,8,Residential,82.6,100,4385000,53087.17,5,concrete,1399/04/21,371168
19177330,Contr_letter,Qom,Qom,apartment,8,Residential,85.64,100,3890000,45422.7,15,concrete,1399/04/21,537711
19178279,Contr_letter,Qom,Qom,apartment,,Residential,66.4,100,3500000,52710.84,14,metallic,1399/04/21,371486
19178495,Contr_letter,Qom,Qom,apartment,,Residential,129.5,100,15080000,116447.88,0,concrete,1399/04/21,371679
19179799,Contr_letter,Qom,Qom,apartment,8,Residential,80,100,3900000,48750,6,metallic_&_concrete,1399/04/21,374967
19179812,Contr_letter,Qom,Qom,apartment,,Residential,81.5,100,4820000,59141.1,12,concrete,1399/04/21,374913
19180076,Contr_letter,Qom,Qom,apartment,8,Residential,74,100,3350000,45270.27,6,concrete,1399/04/21,371131
19180189,Contr_letter,Qom,Qom,apartment,,Residential,245,100,35000000,142857.14,0,concrete,1399/04/21,371665
19180585,Contr_letter,Qom,Qom,apartment,,Residential,125,100,14250000,114000,0,concrete,1399/04/21,371345
19180804,Contr_letter,Qom,Qom,apartment,1,Residential,103.45,100,14100000,136297.73,9,metallic,1399/04/21,371367
19181497,Contr_letter,Qom,Qom,apartment,,Residential,59.52,100,1830000,30745.97,14,concrete,1399/04/21,371596
19181684,Contr_letter,Qom,Qom,apartment,,Residential,58.39,100,3800000,65079.64,17,concrete,1399/04/21,371486
19181904,Contr_letter,Qom,Qom,apartment,4,Residential,79.75,100,6850000,85893.42,10,metallic_&_concrete,1399/04/21,371313
19181971,Contr_letter,Qom,Qom,apartment,8,Residential,182.39,100,14900000,81693.08,5,concrete,1399/04/21,371165
19182101,Contr_letter,Qom,Qom,apartment,,Residential,89.98,100,6310000,70126.69,4,concrete,1399/04/21,371486
19182137,Contr_letter,Qom,Qom,apartment,4,Residential,110.82,100,11400000,102869.52,7,concrete,1399/04/21,371674
19182252,Contr_letter,Qom,Qom,apartment,,Residential,76.4,100,5850000,76570.68,11,concrete,1399/04/21,371313
19182434,Contr_letter,Qom,Qom,apartment,,Residential,63.36,100,1140000,17992.42,8,concrete,1399/04/22,371936
19182848,Contr_letter,Qom,Qom,apartment,1,Residential,109,100,7100000,65137.61,0,concrete,1399/04/22,371487
19182923,Contr_letter,Qom,Qom,apartment,,Residential,124.09,100,11500000,92674.67,4,concrete,1399/04/22,371565
19183296,Contr_letter,Qom,Qom,apartment,8,Residential,100,100,5300000,53000,7,concrete,1399/04/22,371168
19183513,Contr_letter,Qom,Qom,apartment,,Residential,108.7,100,12000000,110395.58,7,metallic,1399/04/22,371566
19183534,Contr_letter,Qom,Qom,apartment,8,Residential,86,100,4550000,52906.98,6,concrete,1399/04/22,371138
19183749,Contr_letter,Qom,Qom,apartment,,Residential,56.24,100,2990000,53165.01,14,metallic_&_concrete,1399/04/22,374911
19184256,Contr_letter,Qom,Qom,apartment,8,Residential,54.3,100,3050000,56169.43,4,concrete,1399/04/22,374916
19185159,Contr_letter,Qom,Qom,apartment,,Residential,127.03,100,13970000,109974.02,8,concrete,1399/04/22,371618
19185543,Contr_letter,Qom,Qom,apartment,,Residential,111.75,100,6500000,58165.55,11,concrete,1399/04/22,374915
19185670,Contr_letter,Qom,Qom,apartment,,Residential,100,100,8000000,80000,0,concrete,1399/04/22,371484
19187531,Contr_letter,Qom,Qom,apartment,8,Residential,88,100,5060000,57500,7,metallic_&_concrete,1399/04/22,371146
19188666,Contr_letter,Qom,Qom,apartment,8,Residential,99.34,100,5300000,53352.12,7,concrete,1399/04/22,371133
19189120,Contr_letter,Qom,Qom,apartment,3,Residential,145,20,15950000,22000,0,concrete,1399/04/22,371997
19189372,Contr_letter,Qom,Qom,apartment,,Residential,87,100,4280000,49195.4,8,concrete,1399/04/22,371167
19189480,Contr_letter,Qom,Qom,apartment,1,Residential,120,100,11320000,94333.33,0,concrete,1399/04/22,371677
19189653,Contr_letter,Qom,Qom,apartment,,Residential,127,100,11430000,90000,0,metallic_&_concrete,1399/04/22,371566
19189720,Contr_letter,Qom,Qom,apartment,3,Residential,145,20,15950000,22000,0,concrete,1399/04/22,371997
19190241,Contr_letter,Qom,Qom,apartment,,Residential,62,100,1500000,24193.55,9,metallic,1399/04/23,371133
19190365,Contr_letter,Qom,Qom,apartment,,Residential,62.71,100,3150000,50231.22,14,concrete,1399/04/23,371168
19191024,Contr_letter,Qom,Qom,apartment,8,Residential,102.13,100,5750000,56300.79,8,metallic,1399/04/23,374916
19191589,Contr_letter,Qom,Qom,apartment,,Residential,61.47,100,5200000,84594.11,13,metallic_&_concrete,1399/04/23,371313
19191693,Contr_letter,Qom,Qom,apartment,8,Residential,130,100,8100000,62307.69,5,metallic_&_concrete,1399/04/23,374914
19191988,Contr_letter,Qom,Qom,apartment,8,Residential,64,100,3530000,55156.25,8,concrete,1399/04/23,371135
19192349,Contr_letter,Qom,Qom,apartment,2,Residential,112.6,100,10100000,89698.05,3,concrete,1399/04/23,371396
19192573,Contr_letter,Qom,Qom,apartment,8,Residential,63.63,100,3500000,55005.5,3,concrete,1399/04/23,371137
19193152,Contr_letter,Qom,Qom,apartment,8,Residential,80,100,3885000,48562.5,10,metallic_&_concrete,1399/04/23,371133
19193708,Contr_letter,Qom,Qom,apartment,8,Residential,78.43,100,4008000,51102.89,10,concrete,1399/04/23,374917
19195082,Contr_letter,Qom,Qom,apartment,,Residential,79,100,3550000,44936.71,5,concrete,1399/04/23,371133
19195240,Contr_letter,Qom,Qom,apartment,,Residential,100,100,3150000,31500,0,concrete,1399/04/23,371485
19196253,Contr_letter,Qom,Qom,apartment,,Residential,111,100,8800000,79279.28,0,metallic,1399/04/23,371798
19196637,Contr_letter,Qom,Qom,apartment,,Residential,95,100,9650000,101578.95,0,concrete,1399/04/23,371313
19196790,Contr_letter,Qom,Qom,apartment,,Residential,111.63,100,15500000,138851.56,3,concrete,1399/04/23,371614
19197013,Contr_letter,Qom,Qom,apartment,,Residential,61.22,100,4000000,65338.12,6,concrete,1399/04/23,371484
19197078,Contr_letter,Qom,Qom,apartment,,Residential,60.83,100,3380000,55564.69,5,concrete,1399/04/23,371137
19197238,Contr_letter,Qom,Qom,apartment,8,Residential,80,100,4960000,62000,11,metallic_&_concrete,1399/04/23,374915
19197248,Contr_letter,Qom,Qom,apartment,,Residential,61.41,100,2400000,39081.58,5,concrete,1399/04/23,371146
19197835,Contr_letter,Qom,Qom,apartment,8,Residential,80.27,100,4420000,55064.16,7,concrete,1399/04/24,374917
19197879,Contr_letter,Qom,Qom,apartment,5,Residential,112,100,6160000,55000,0,concrete,1399/04/24,371419
19198488,Contr_letter,Qom,Qom,apartment,,Residential,87,100,4570000,52528.74,7,concrete,1399/04/24,371137
19199373,Contr_letter,Qom,Qom,apartment,,Residential,85,100,3950000,46470.59,6,concrete,1399/04/24,371135
19199682,Contr_letter,Qom,Qom,apartment,8,Residential,79.8,100,4490000,56265.66,6,concrete,1399/04/24,374919
19200519,Contr_letter,Qom,Qom,apartment,,Residential,84.8,100,5000000,58962.26,6,concrete,1399/04/24,371998
19202235,Contr_letter,Qom,Qom,apartment,,Residential,115,100,9000000,78260.87,2,concrete,1399/04/24,371343
19202241,Contr_letter,Qom,Qom,apartment,8,Residential,105,100,7875000,75000,1,concrete,1399/04/24,374914
19202604,Contr_letter,Qom,Qom,apartment,8,Residential,73.17,100,4270000,58357.25,15,metallic,1399/04/24,374913
19202951,Contr_letter,Qom,Qom,apartment,,Residential,90.5,100,7700000,85082.87,12,concrete,1399/04/24,371313
19203250,Contr_letter,Qom,Qom,apartment,,Residential,117.91,100,11850000,100500.38,3,concrete,1399/04/24,371341
19203956,Contr_letter,Qom,Qom,apartment,8,Residential,78,100,4150000,53205.13,7,concrete,1399/04/24,371146
19203961,Contr_letter,Qom,Qom,apartment,,Residential,78.43,100,4450000,56738.49,10,concrete,1399/04/24,374917
19203969,Contr_letter,Qom,Qom,apartment,8,Residential,110,100,9350000,85000,0,concrete,1399/04/24,371165
19204319,Contr_letter,Qom,Qom,apartment,,Residential,127,100,11640000,91653.54,1,concrete,1399/04/24,371488
19204648,Contr_letter,Qom,Qom,apartment,8,Residential,78.82,100,4400000,55823.4,10,concrete,1399/04/24,374917
19205240,Contr_letter,Qom,Qom,apartment,,Residential,72.68,100,3680000,50632.91,9,concrete,1399/04/25,371131
19205720,Contr_letter,Qom,Qom,apartment,8,Residential,62.01,100,3300000,53217.22,7,concrete,1399/04/25,371135
19205823,Contr_letter,Qom,Qom,apartment,,Residential,100.17,100,6550000,65388.84,5,concrete,1399/04/25,371168
19206281,Contr_letter,Qom,Qom,apartment,8,Residential,90.8,100,5080000,55947.14,9,concrete,1399/04/25,374918
19206668,Contr_letter,Qom,Qom,apartment,8,Residential,93,100,4650000,50000,5,concrete,1399/04/25,371134
19206688,Contr_letter,Qom,Qom,apartment,,Residential,117.75,100,5700000,48407.64,14,metallic_&_concrete,1399/04/25,371717
19208425,Contr_letter,Qom,Qom,apartment,,Residential,72,100,3370000,46805.56,0,concrete,1399/04/25,371133
19209441,Contr_letter,Qom,Qom,apartment,8,Residential,71.19,100,3892800,54681.84,8,concrete,1399/04/25,371131
19209868,Contr_letter,Qom,Qom,apartment,,Residential,81,100,5670000,70000,0,concrete,1399/04/25,371487
19210214,Contr_letter,Qom,Qom,apartment,8,Residential,107.84,100,5400000,50074.18,13,concrete,1399/04/25,374915
19210561,Contr_letter,Qom,Qom,apartment,7,Residential,62.78,100,4000000,63714.56,14,metallic,1399/04/25,371867
19211518,Contr_letter,Qom,Qom,apartment,8,Residential,95,100,5150000,54210.53,5,metallic,1399/04/25,371134
19211674,Contr_letter,Qom,Qom,apartment,,Residential,180,100,19500000,108333.33,0,concrete,1399/04/25,371343
19211913,Contr_letter,Qom,Qom,apartment,4,Residential,130,100,14300000,110000,0,concrete,1399/04/25,371313
19212577,Contr_letter,Qom,Qom,apartment,8,Residential,137.52,100,9120000,66317.63,12,metallic,1399/04/26,374913
19213892,Contr_letter,Qom,Qom,apartment,,Residential,130,100,18200000,140000,0,concrete,1399/04/26,371614
19213979,Contr_letter,Qom,Qom,apartment,,Residential,72,100,3260000,45277.78,0,metallic,1399/04/26,371133
19214526,Contr_letter,Qom,Qom,apartment,8,Residential,80.8,100,4140000,51237.62,7,concrete,1399/04/26,371133
19214691,Contr_letter,Qom,Qom,apartment,,Residential,137,100,14300000,104379.56,0,concrete,1399/04/26,371341
19214951,Contr_letter,Qom,Qom,apartment,,Residential,116,100,14400000,124137.93,9,concrete,1399/04/26,371111
19215010,Contr_letter,Qom,Qom,apartment,4,Residential,94,100,11050000,117553.19,1,concrete,1399/04/26,371318
19215148,Contr_letter,Qom,Qom,apartment,8,Residential,83,100,3770000,45421.69,9,concrete,1399/04/26,371135
19215185,Contr_letter,Qom,Qom,apartment,8,Residential,103,100,6480000,62912.62,7,concrete,1399/04/26,371168
19215294,Contr_letter,Qom,Qom,apartment,4,Residential,100,100,920000,9200,1,concrete,1399/04/26,371679
19215593,Contr_letter,Qom,Qom,apartment,3,Residential,132,100,4500000,34090.91,1,metallic_&_concrete,1399/04/26,371516
19215636,Contr_letter,Qom,Qom,apartment,,Residential,76.86,100,4095000,53278.69,8,concrete,1399/04/26,371667
19216336,Contr_letter,Qom,Qom,apartment,,Residential,113,100,13250000,117256.64,2,concrete,1399/04/26,371595
19216752,Contr_letter,Qom,Qom,apartment,4,Residential,240,100,32300000,134583.33,0,concrete,1399/04/26,371613
19216885,Contr_letter,Qom,Qom,apartment,8,Residential,62,100,3315000,53467.74,6,concrete,1399/04/26,371136
19220346,Contr_letter,Qom,Qom,apartment,,Residential,85,100,9000000,105882.35,4,concrete,1399/04/28,371682
19220377,Contr_letter,Qom,Qom,apartment,4,Residential,89,100,8100000,91011.24,2,concrete,1399/04/28,371343
19220567,Contr_letter,Qom,Qom,apartment,1,Residential,101.06,100,9390000,92915.1,1,concrete,1399/04/28,371486
19220949,Contr_letter,Qom,Qom,apartment,,Residential,110,100,12650000,115000,0,concrete,1399/04/28,371313
19221130,Contr_letter,Qom,Qom,apartment,1,Residential,123,100,10900000,88617.89,0,concrete,1399/04/28,371488
19221374,Contr_letter,Qom,Qom,apartment,,Residential,78.81,100,4250000,53927.17,9,concrete,1399/04/28,371134
19221720,Contr_letter,Qom,Qom,apartment,,Residential,65,100,3900000,60000,0,concrete,1399/04/28,675465
19221726,Contr_letter,Qom,Qom,apartment,4,Residential,96.2,100,5780000,60083.16,8,concrete,1399/04/28,311111
19222249,Contr_letter,Qom,Qom,apartment,,Residential,63.49,100,3370000,53079.23,5,metallic_&_concrete,1399/04/28,371136
19222534,Contr_letter,Qom,Qom,apartment,,Residential,73.26,100,3900000,53235.05,9,concrete,1399/04/28,371165
19222546,Contr_letter,Qom,Qom,apartment,,Residential,78.8,100,3680000,46700.51,6,concrete,1399/04/28,374967
19224361,Contr_letter,Qom,Qom,apartment,,Residential,83,100,4290000,51686.75,4,concrete,1399/04/28,371168
19224509,Contr_letter,Qom,Qom,apartment,,Residential,80,100,3500000,43750,6,metallic_&_concrete,1399/04/28,371136
19224527,Contr_letter,Qom,Qom,apartment,,Residential,59.66,100,5300000,88836.74,14,metallic,1399/04/28,371596
19224738,Contr_letter,Qom,Qom,apartment,,Residential,93.89,100,9200000,97987.01,14,concrete,1399/04/28,371317
19224926,Contr_letter,Qom,Qom,apartment,,Residential,92,85,5110000,47211.96,6,concrete,1399/04/28,371137
19225117,Contr_letter,Qom,Qom,apartment,,Residential,85,66.67,3000000,23529.41,4,metallic_&_concrete,1399/04/28,371168
19225303,Contr_letter,Qom,Qom,apartment,8,Residential,95.96,100,6330000,65964.99,13,concrete,1399/04/28,374915
19225423,Contr_letter,Qom,Qom,apartment,,Residential,80.32,100,4230000,52664.34,9,concrete,1399/04/28,374917
19225819,Contr_letter,Qom,Qom,apartment,8,Residential,195.52,100,17600000,90016.37,0,concrete,1399/04/28,371166
19226057,Contr_letter,Qom,Qom,apartment,8,Residential,105.83,100,5800000,54804.88,10,metallic_&_concrete,1399/04/28,371313
19226761,Contr_letter,Qom,Qom,apartment,,Residential,73.52,100,6450000,87731.23,6,metallic,1399/04/28,371485
19228085,Contr_letter,Qom,Qom,apartment,,Residential,75,100,3530000,47066.67,7,concrete,1399/04/29,371137
19228336,Contr_letter,Qom,Qom,apartment,,Residential,75,100,3980000,53066.67,7,concrete,1399/04/29,371137
19228662,Contr_letter,Qom,Qom,apartment,1,Residential,127,100,12230000,96299.21,1,concrete,1399/04/29,371594
19228819,Contr_letter,Qom,Qom,apartment,8,Residential,87.04,100,5370000,61695.77,8,metallic_&_concrete,1399/04/29,374919
19228896,Contr_letter,Qom,Qom,apartment,4,Residential,105,100,7665000,73000,0,concrete,1399/04/29,371343
19229781,Contr_letter,Qom,Qom,apartment,,Residential,170,100,33000000,194117.65,3,concrete,1399/04/29,371668
19231670,Contr_letter,Qom,Qom,apartment,4,Residential,130,100,14950000,115000,0,concrete,1399/04/29,371313
19232318,Contr_letter,Qom,Qom,apartment,,Residential,109,100,8900000,81651.38,0,concrete,1399/04/29,371485
19233029,Contr_letter,Qom,Qom,apartment,,Residential,115,25,5750000,12500,9,metallic,1399/04/29,371431
19233848,Contr_letter,Qom,Qom,apartment,4,Residential,128.11,100,4000000,31223.17,9,concrete,1399/04/29,371313
19234017,Contr_letter,Qom,Qom,apartment,1,Residential,210.19,100,27324700,130000,1,concrete,1399/04/29,371917
19234175,Contr_letter,Qom,Qom,apartment,8,Residential,190,100,14000000,73684.21,0,concrete,1399/04/29,371166
19234286,Contr_letter,Qom,Qom,apartment,,Residential,122,100,5600000,45901.64,16,metallic_&_concrete,1399/04/30,371314
19234846,Contr_letter,Qom,Qom,apartment,8,Residential,59.65,100,3450000,57837.38,7,concrete,1399/04/30,371135
19235599,Contr_letter,Qom,Qom,apartment,8,Residential,62.71,100,3700000,59001.75,13,metallic,1399/04/30,374911
19235660,Contr_letter,Qom,Qom,apartment,8,Residential,81.15,100,4560000,56192.24,4,concrete,1399/04/30,371146
19235857,Contr_letter,Qom,Qom,apartment,,Residential,47.7,100,3800000,79664.57,9,metallic,1399/04/30,371915
19236435,Contr_letter,Qom,Qom,apartment,4,Residential,110,100,11350000,103181.82,0,concrete,1399/04/30,371679
19237077,Contr_letter,Qom,Qom,apartment,,Residential,105,100,10000000,95238.1,6,concrete,1399/04/30,371313
19237470,Contr_letter,Qom,Qom,apartment,,Residential,170,100,19300000,113529.41,2,concrete,1399/04/30,371679
19240237,Contr_letter,Qom,Qom,apartment,,Residential,102.97,100,8750000,84976.21,7,concrete,1399/04/30,371484
19240443,Contr_letter,Qom,Qom,apartment,,Residential,95.08,100,10640000,111905.76,3,concrete,1399/04/30,371919
19241173,Contr_letter,Qom,Qom,apartment,,Residential,76.36,100,4410000,57752.75,8,metallic_&_concrete,1399/04/30,374918
19241664,Contr_letter,Qom,Qom,apartment,1,Residential,85,100,7500000,88235.29,1,concrete,1399/04/31,371673
19241698,Contr_letter,Qom,Qom,apartment,4,Residential,134,100,14740000,110000,0,concrete,1399/04/31,371313
19242350,Contr_letter,Qom,Qom,apartment,8,Residential,100.28,100,7220000,71998.4,6,concrete,1399/04/31,374918
19244116,Contr_letter,Qom,Qom,apartment,,Residential,82.13,100,3605000,43893.83,6,metallic_&_concrete,1399/04/31,371168
19244539,Contr_letter,Qom,Qom,apartment,4,Residential,145,100,20300000,140000,0,concrete,1399/04/31,371617
19244568,Contr_letter,Qom,Qom,apartment,,Residential,63,100,3485000,55317.46,10,concrete,1399/04/31,371138
19244902,Contr_letter,Qom,Qom,apartment,8,Residential,76,100,3920000,51578.95,6,concrete,1399/04/31,374916
19245463,Contr_letter,Qom,Qom,apartment,8,Residential,78.82,100,4300000,54554.68,10,concrete,1399/04/31,374917
19245519,Contr_letter,Qom,Qom,apartment,,Residential,137.5,100,9200000,66909.09,1,metallic_&_concrete,1399/04/31,371366
19246726,Contr_letter,Qom,Qom,apartment,8,Residential,84.5,100,3490000,41301.78,7,concrete,1399/04/31,371133
19246980,Contr_letter,Qom,Qom,apartment,8,Residential,96,100,6050000,63020.83,5,concrete,1399/04/31,371168
19247263,Contr_letter,Qom,Qom,apartment,4,Residential,107,100,11230000,104953.27,1,concrete,1399/04/31,371111
19247459,Contr_letter,Qom,Qom,apartment,,Residential,104.29,100,12000000,115063.76,2,concrete,1399/04/31,371341
19247913,Contr_letter,Qom,Qom,apartment,8,Residential,94.4,100,5400000,57203.39,6,concrete,1399/04/31,371138
